,Unnamed: 0,Comment_Text,Post_Id,Comment_Number,label_model
9,9,Nepalese are awesome people.,n5wirs,28,positive
40,40,The lady tried to combat the corruption which they didn't want her in control. The constitution states that the president should have any family member of citizens from other counties which she isn't qualified.,lwpl71,276,negative
30,30,"Even sharing the news is great help. The world must know the atrocities committed by the military in broad daylight. If you would like to donate, check out isupportmyanmar.com for open donations. Thank you so much!",lycsdn,27,positive
84,84,8964,mm3nvf,25,neutral
81,81,Cambodia:first time ?,mquau6,12,neutral
92,92,"Youâ€™re not addressing anything that Iâ€™m saying. I quoted the text of the 2nd amendment which is crystal clear in its description.

People *can* form their own militias. Why? Because there is no distinction between organized or unorganized militias in the text. It encompasses all. We also have the freedom to associate with whomever we please with the 1st amendment.

There is no clause saying that militias must be run by the state.",lwpl71,575,neutral
23,23,"Hope you guys can finally get freedom and democracy.
From a Hongkonger",mpvmbu,3,positive
96,96,"Thanks for the level headed response, my stance on this is still developing. I don't necessarily have a problem with individuals owning guns, as long as reasonable checks are in place. It's just the idea of having a heavily armed population rubs me the wrong way, but I attribute this to cultural differences since gun ownership is pretty rare in my country.",m94ryl,272,neutral
94,94,u/savevideo,lwpl71,88,neutral
18,18,"The United States of America, I'm not gonna tell Canada, Mexico, or the South American countries how to live.

 I've been told we were the bestest most free country my whole life. It's time to live up to that.",mfnr2h,238,positive
73,73,"You can't Attack with your shield, if you don't have it.",lvvvm8,186,neutral
65,65,"Lol, seriously dude?",la59ah,52,negative
78,78,[deleted],lwpl71,171,neutral
54,54,"The point isnâ€™t to win an actual offensive against the US military, itâ€™s to force an actual conflict with heavy casualties and make members of the armed forces confront the decision of putting their lives at risk to murder their fellow citizens. Instead of just them showing up with a gun looking menacing as heavy-handed â€œpoliceâ€.

Then you get desertions and a civil war.",m94ryl,229,negative
46,46,As if me shutting up matters. That mob gonna just sound over my voice.,m7uruh,43,negative
19,19,"Scottish born & living in Australia ATM. Good to see. Love Myanmar, they are good people.",n7wbs1,1,positive
85,85,"I donâ€™t think you can process the idea of how different kind of defiance could come together and attribute to the common cause. People have different level of ability to get involved and do their best. These can come together and become a massive force.

The kind of bravery someone mustered does not need to be same nor of equal value to another. One could be dependent on another. Imagine all the civilian donâ€™t show any sort of resistance, either big or small, just a small population takes arms and fight (because obviously not everybody can fight), do you think they will win? I donâ€™t think so. 

Take Kachin, as we know they have been in fighting with arms alone. How long has it been? For like 70 years? Why? Because taking arms alone canâ€™t fight back mate. You need people support. 

What about civilian who just keep defying the authority without support from arm resistance? Will they last long? Hell no! So donâ€™t be close minded and I hope you see the bigger picture. 

This will be my last reply. You are just one sided, insulting and unappreciated person. You are just wasting my time.",n0f7dj,38,neutral
57,57,The same age as one of my little brothers. Truly a crime against humanity. I hope that he is at peace,majyqv,2,negative
38,38,Crazy how people are suddenly falling over themselves to try and get the US to intervene in yet another country's problems. Have we forgotten about the last 70 years?,me6wd3,31,negative
87,87,"Oh look, armed groups holding their own against the Myanmar military:

https://www.youtube.com/watch?v=YlFW2owNHDI

https://www.youtube.com/watch?v=jIB6FhJ1938

https://www.youtube.com/watch?v=5eltkNIHr_8

""but but teh blackhawks"" - chaseazt",lwpl71,582,neutral
72,72,I don't see anyone looking to the US,mfnr2h,82,neutral
26,26,"Yes, if someone from Canada wants to get their surgery quicker, and they are rich enough, they should be able to come here, where you can only get surgeries or medicines you need if you have plenty of money. The healthcare system is not bogged down by poor people here, and can attend to the rich instantly. Exactly as it should be. Totally agree.",m94ryl,219,positive
28,28,"Be water!

Good luck people.",m0zn1w,2,positive
14,14,"This is why i fully support the 2nd amendment in the US. A well armed and regulated militia should always be on stand by for the people. It wouldn't be easy, it wouldnt be pretty, but it would give people a fighting chance at standing up against a corrupt government. God speed",m94ryl,15,positive
63,63,"Pretty hard to do that when American companies are on the ground supporting the military historically and presently vs the actual unarmed people. I don't agree with the ""Military intervention is always bad"" scenario. We'd all be goosestepping if that was the prevalent attitude throughout the 1930s (It was, but the world got off its ass at some point). War has already come from the inside, it is just a one sided beatdown with no end in sight, we've already lived under this system in Burma for the past many decades. It is just clear that the majority of the people do not want this rule, our elected government do not want this rule.. and by its own foundations, the UN is supposed to intervene.. but ofc the UN and frankly the west's rhetoric of sanctions and strongly worded letters combined with their outrage is just a smokescreen for their inaction. Intervention will not happen most likely, as that would require ethical people in power. The world's inaction just shows that we are all ruled by the same cockroaches, they are just more honest about their BS here.",lwv8qi,65,negative
93,93,"Yeah, the military have been at war for 70 years. Started since independence.  Our hope is that this is the one to end all wars within the country and lead us to the road towards reconciliation and reparation.",lwv8qi,116,neutral
97,97,https://www.google.com/url?sa=t&source=web&rct=j&url=https://www.livelaw.in/amp/top-stories/supreme-court-allows-deportation-of-rohingya-refugees-to-myanmar-as-per-procedure-prescribed-172302&ved=2ahUKEwiKmtTT7-7vAhUVqksFHeR5B6oQ0PADegQIHxAB&usg=AOvVaw2qw5LsSzAwYSuKFr6ua8Rf&ampcf=1,mmqo2m,53,neutral
99,99,"Here's a sneak peek of /r/AntiHateCommunities using the [top posts](https://np.reddit.com/r/AntiHateCommunities/top/?sort=top&t=all) of all time!

\#1: [Alt-right cesspool. Upvote so this is the first image that appears when you google ""alt-right cesspool"".](https://i.redd.it/zczx8vevckf61.jpg) | [98 comments](https://np.reddit.com/r/AntiHateCommunities/comments/lcw810/altright_cesspool_upvote_so_this_is_the_first/)  
\#2: [Have you guys seen this sub? Seems like a hate sub parodying us.](https://i.redd.it/czzkcphfwoi51.jpg) | [116 comments](https://np.reddit.com/r/AntiHateCommunities/comments/iexxcy/have_you_guys_seen_this_sub_seems_like_a_hate_sub/)  
\#3: [We are the unseen heroes of the world](https://i.redd.it/b1u6ctq74j461.png) | [137 comments](https://np.reddit.com/r/AntiHateCommunities/comments/kaztkm/we_are_the_unseen_heroes_of_the_world/)

----
^^I'm ^^a ^^bot, ^^beep ^^boop ^^| ^^Downvote ^^to ^^remove ^^| [^^Contact ^^me](https://www.reddit.com/message/compose/?to=sneakpeekbot) ^^| [^^Info](https://np.reddit.com/r/sneakpeekbot/) ^^| [^^Opt-out](https://np.reddit.com/r/sneakpeekbot/comments/joo7mb/blacklist_viii/)",mquau6,27,neutral
55,55,"dude. you're clearly a gun nut. and this is clearly your go to argument..

just fyi, you sound stupid.",lwpl71,584,negative
7,7,Agree!!,m0doec,51,positive
31,31,"Stay strong peoples in Myanmar.  Only victory over military coup will be able to remember them for good.  Otherwise, their sacrifices will be vanished and forgotten.  Please remember that many Korean support your victories from their hearts and so do I.",m5mim9,11,positive
10,10,ASEAN as a whole is now PRCâ€™s largest trading partner too.,n5wirs,41,positive
2,2,God.... this just gave me chills.   Give me freedom of give me death there are no other options. ðŸ’ªðŸ‡²ðŸ‡²,m8ikxa,6,positive
77,77,[deleted],lz10do,20,neutral
16,16,My pleasureðŸ’›,mgbyxr,87,positive
61,61,Looks like a throwaway. They comment shit to piss people off and then deleted their accounts.,lycsdn,42,negative
59,59,"Are you this dense? What will you do when they came for your head? Run? You can't run when they are already shooting at you! Furthermore, run where? The neighborhood are under siege. Surrender and hope for the best? Tough luck, they went open season with the Rohingya a few years back. The trust is zero.

It's short-sighted when you want peace when they don't offer any. The people ran out of olive branch years ago.",m8ikxa,66,negative
21,21,Rest in peace Hero,lwof70,10,positive
22,22,So let's use that power to rescue kids! Cause conservatives love kids so much right?,mfnr2h,223,positive
11,11,"HI Dumas1108, actually for 3 dollars you can provide a family for a week, for 15 dollars you can train a medical frontliner and with 10 dollars you can provide a journalist with a sim card.

His contribution will certainly make a difference to these people. With the amount of one or two coffees you can do the same! [https://startsomegood.com/messages4myanmar](https://startsomegood.com/messages4myanmar)",nuwklt,17,positive
83,83,"UN can play several roles. One of which is to be a facilitator of peace talks. Two, it can provide peace keepers who serve as a buffer. Third, it can provide humanitarian assistance to internally displaced persons in Burma which are many. It is fulfilling none of those missions.",mquau6,16,neutral
17,17,I wanna see more of this,lvvvm8,63,positive
32,32,"It is a kindness to prevent further self-harm, even when ""justified"". Limits, man.",lvvvm8,325,positive
62,62,wait there people in the ven when that guy shot in it?!?!?!,lwpl71,157,negative
3,3,"That's true, I absolutely agree with you on that one.",m3fxqw,19,positive
56,56,salty beta energy right there.,lycsdn,49,negative
41,41,"I love how when the soldiers come for them they all talk about fighting back, but during the genocide they happily told the world that the ""others"" werent human. 

Innocent people dying anywhere is a crime but what goes around comes around i guess?",lvvvm8,49,negative
35,35,"Even in cases like this, having citizens armed to the teeth doesnt help at all. Three reasons:

1. Even if each and every one of the protesters was armed with something, the outcome would be somewhere between the army absolutely outgunning them, or the entire country falling into civil war (which helps no one, and ends up in violent radicalisation and escalation on both sides).

2. Images of protesters shooting and killing soldiers would serve as propaganda against the actual cause of the protesters. The government and military would be looking at any way to turn public conscience against the protests, and labelling them as terrorists with picture and video evidence is the perfect way to do so.

3. Having a surplus of weapons in Myanmar led to the formation of multiple territory holding gangs and militias, each just as tyrannical as the military-government that the protests are fighting against. I don't think I need to explain how these are a bad thing.",m94ryl,118,negative
6,6,Feel free to share and repost brother,lap93j,44,positive
64,64,"Unpopular opinion here, but i think the demonstrators should back down to avoid more of them being killed. The thing is even with Mrs Suu Kyi around, it still wasn't a true democracy. The military was still pulling the strings in every aspect of burma life. Only difference now is that facade is removed. Myanmar never had true democracy.  It takes time and patience, and not an overnight change. I'm worried Myanmar could turn into a syria with prolonged suffering of its people.",mewtij,15,negative
44,44,Fucking disgusting,lwpl71,49,negative
47,47,So Iâ€™m very much out of the loop. Iâ€™ve seen a lot of Myanmar posts and was just wondering if someone could explain what is going on?,lvvvm8,59,negative
67,67,"Wait, how many do you get? I need to know before I decide whether to upvote or downvote.",m94ryl,108,neutral
51,51,Thatâ€™s not even mentioning that heâ€™s the leader of the group that destabilized the country in the first place.,mmqo2m,12,negative
36,36,"They are understandably desperate and the US has quite successfully sold itself to the less-informed as â€œliberatorsâ€, but anyone who understands Americaâ€™s foreign policy knows they arenâ€™t the shining star.

Youâ€™re right, theyâ€™ll have to fight their way out of it. I fear that it is no easy or fast path out. Myanmar is somewhat like Iraq. The country has many ethnic groups willing to take up arms to fight each other, but they were held down by the junta. Take out the junta by force, and the country could easily spiral into a full blown insurgency/civil war, just like Iraq did after Saddam Hussein was removed.",m47ad5,35,negative
68,68,"People always protested. Even during roman times where they literally killed the ruler. America just had a good time around the 60s, 50s, 70s and people didn't need to protest",m94ryl,91,neutral
24,24,The freedom fighter has united,lwv8qi,27,positive
13,13,"Thank you, mutual aid Myanmar was up.",mhu4hy,41,positive
52,52,"Unfortunately I don't think they will go broke, all it takes is making a deal with another nation, one with no morals, and they will be supplied forever.

I hope it does work though, democracy needs to be restored as peacefully as possible.",lwv8qi,158,negative
37,37,This is what happens when people assume lol,n1mwdx,16,negative
34,34,"And trigger an unfettered war? They may have guns but they donâ€™t have jets, tanks, and artillery. The minority people groups in Myanmar have been fighting and evading the Burmese government since the end of WW2 and itâ€™s not going too well",lwv8qi,23,negative
90,90,"Two extremely different situations than this, and ViÃªt Nam is more free than Myanmar before the protests.",m94ryl,58,neutral
25,25,The best defence is a good offence.,lvvvm8,144,positive
66,66,"China will never let the UN into Myanmar, unless it's PLA troops in blue helmets only to protect the BRI and other CCP assets. PLA are massing tens if thousands of troops on the border and obviously have other plans for Myanmar and would probably prefer if other countries didn't see what they're about to do.",mf3yqa,7,negative
82,82,"you can donate money to the legitimate civilian government, every little bit helps. They're aiming to raise $20 Million and fund a civilian army to fight against the Tamadaw. 

[**https://charity.gofundme.com/o/en/campaign/crph**](https://charity.gofundme.com/o/en/campaign/crph) 

There're a lot of fake fundraisers with similar names but the *legitimate* one has raised about 9.3 million fyi.",mn8wi9,35,neutral
12,12,We want help from US and UN. They are our hope.,lwof70,28,positive
50,50,Why would america go through the process of wiping out a good amount of its population? Youâ€™re not thinking rationally.,lz10do,107,negative
0,0,$NOK ðŸš€,lz10do,39,positive
27,27,Rest in power.,m5mim9,14,positive
39,39,What difference does it make if itâ€™s on the news or not? Does it make it anymore real? FFS turn the news off! They are all lying brainwashing machines.,12idltl,64,negative
76,76,"There are sixteen million other things the USA can do, including putting pressure on China and Russia. International politics is 16-D chess and everything affects everything else. If the USA really wanted to intervene, they could - military intervention is NOT the only solution.",mojrsv,14,neutral
98,98,Follow â€œjustice for Myanmarâ€ on Twitter. Also if you want to pressure then big western companies that are here and support the regime look up Total and Chevron and their connection to Myanmar. They could actually make an impact here.,lwpl71,284,neutral
5,5,Their time will come,mn8wi9,11,positive
91,91,[removed],m2jvbg,23,neutral
95,95,Morphine delivered,mhtndc,13,neutral
70,70,Might have corrected the typo,lycsdn,53,neutral
33,33,The artist is so talented.I'm sorry I forgot to credit the Original Artist.,mgbyxr,16,positive
53,53,Stop calling it burma. It's been Myanmar since the 12th century.,n2xmby,3,negative
29,29,Testudo!! My fellow brothers ðŸ’ª,lz10do,8,positive
42,42,"I am not american, i am middle eastern. My country isnt full of pussies like your's is.",m94ryl,161,negative
89,89,They advertise their package plan at Myanmar since January and the cost will be 99USD per month but the service will be available at 2022. Even only preorder isn't sure for now.,mkliki,10,neutral
80,80,"**[Ad hominem](https://en.wikipedia.org/wiki/Ad_hominem)** 
 
 >Ad hominem (Latin for 'to the person'), short for argumentum ad hominem, refers to several types of arguments, some but not all of which are fallacious. Typically this term refers to a rhetorical strategy where the speaker attacks the character, motive, or some other attribute of the person making an argument rather than attacking the substance of the argument itself. The most common form of ad hominem is ""A makes a claim x, B asserts that A holds a property that is unwelcome, and hence B concludes that argument x is wrong"".
 
^([ )[^(F.A.Q)](https://www.reddit.com/r/WikiSummarizer/wiki/index#wiki_f.a.q)^( | )[^(Opt Out)](https://reddit.com/message/compose?to=WikiSummarizerBot&message=OptOut&subject=OptOut)^( | )[^(Opt Out Of Subreddit)](https://np.reddit.com/r/myanmar/about/banned)^( | )[^(GitHub)](https://github.com/Sujal-7/WikiSummarizerBot)^( ] Downvote to remove | v1.5)",rawe8l,79,neutral
20,20,Scottish person helping Burmese people. That very unlikely alliance. What a pleasent surprise.,n7wbs1,17,positive
86,86,"He probably will not shoot his workers like the military does, so the deal is still good.",mkliki,66,neutral
60,60,"You are right. She and others like her, are just showing their defiance despite the obvious risks.",n0f7dj,25,negative
4,4,"UN has had a number of meetings already. I do agree on raising awareness on ordinary citizens as politicians seemed to be all talk at this point. I know a friend of friend of mineâ€™s 15 yr old American kid starting her small FB campaign raising funds and sending out free t-shirts she designed for Myanmar ppl, to donors on her expense to raise awareness. Itâ€™s emotionally motivating for Myanmar ppl just to see others care regardless of physical help.",m886gv,35,positive
45,45,"Replacing all those flags with a picture of Earth works too! 

Fuck the CCP.",n5wirs,8,negative
48,48,"This is so heartbreaking to see. May everyone who involved in all these war crimes suffer in Hell for an eternity.

Forgive me if I sound stupid. But at this point of war, shouldn't we have air raid shelters everywhere and an alarm system for incoming air raids or something? Are those expensive or hard to build or are just ineffective? Then what is a better solution to prevent tragedies like this from happening  in the future? Please enlighten me guys.",12idltl,34,negative
75,75,I think she is okay so far. Havenâ€™t heard any news with that name.,lwoozs,18,neutral
74,74,"Developed countries are synonymous with high income countries. You know exactly what I'm comparing America to. Countries in a similar range of development. South Africa is considered to be *developing.* It has aspects that are very developed, but large aspects which are not considered developed. You're listing a whole bunch of countries which are considered to be *developing*, not developed. The developed countries are high income. The *Western World* is generally considered to be North America, Europe and Australasia. Anyway, none of this matters, because no matter if we consider a comparison to the Western World, ""developed countries"" or ""high income countries,"" the result is the same. The US has the highest murder rate. By far. 

>Moreover, in regards to gun violence, nearly all of the violence takes place in a few select cities â€” several of them having stringent gun laws. An oddity for sure if your underlying unstated hypothesis is correct.

No, it's certainly not true that ""nearly all"" of the violence takes place in a few select cities. In fact, *half* the violence happens in 127 cities, including the larger ones. The fact that they have stringent gun laws is irrelevant - the fact is that *all* of these illegal guns started life as legal guns, and were only manufactured because there is a huge market for them in a country awash in gun culture. All of the guns found in cities like NYC and Chicago were either bought in states with lax gun laws or they were stolen from irresponsible legal gun owners who didn't secure them adequately. They were then transported across state lines and sold in predominantly low income inner city areas, where they drive the murder rate. Besides which, Dallas has widespread legal gun ownership and its per capita murder rate is consistently four times that of NYC according to FBI figures. 

>And finally, there is quite a bit of data that indicates reducing gun laws and allowing concealed carry laws to be put in effect actually decreases murder and crime rates.

Again, tell that to Dallas with 4x the per capita murder rate of NYC despite widespread legal gun ownership. Denying the extent to which gun culture in the US drives its uncommonly high murder rate just sounds like insanity to sane, rational people.",lvvvm8,332,neutral
15,15,Awesome! More and more high ranking officers are joining!!,lwbbgw,1,positive
69,69,I'm sure Ethnic Armed Forces are joining forces and fighting the military right now and many Bamars have joined their ranks.,n0f7dj,11,neutral
43,43,It feels like all soldiers and police have a superiority mentality against the citizens. I have a suspicion they don't see citizens as humans.,m7uruh,32,negative
58,58,I saw two Myanmar posts on the deont page. Why turn this video into why americans are reddit are bad? Jesus. How does that help Burmese people?,lwpl71,382,negative
79,79,Ur mum m8 LULULULUL,m2jvbg,53,neutral
88,88,"when we are all done with this, we need 2A",r9890v,77,neutral
8,8,I know the OP through a mutual friend. He works at Tesla so Iâ€™m sure itâ€™s legit.,mkliki,1,positive
1,1,Try making these bulletproof.  There are several ways this can be done.  There are everyday materials that can work as bulletproof.  This includes pure wool felt and silk.,lz10do,21,positive
71,71,[removed],12idltl,52,neutral
49,49,"Fuck these terrorists, they have shot at everything including innocent people, children and medics and now this?",mb98rk,3,negative
