Title,ID,URL,Score (Upvotes),Number of Comments,Created Timestamp,Subreddit,Upvote Ratio,Author,Author Karma,Account Age,Text Content
Burmese police beating up paramedics who tried to help injured civilians. How can we have this organization in this day and age in our world?,lwpl71,https://v.redd.it/12e6njcs4sk61,5291,605,1614762662.0,myanmar,0.99,everestster,9677,3211.498541666667,
"At Sagaing Division, Kale Township",lvvvm8,https://v.redd.it/r0u2e2ho9kk61,4103,342,1614667437.0,myanmar,1.0,Nana_1991,3206,939.2514004629629,
Presented without comment.,mf3yqa,https://i.redd.it/wieh6f4mnsp61.jpg,2033,53,1616948188.0,myanmar,0.99,glossiercub,12776,1456.4607407407407,
"Protester 19 years old girl had been shot to head by police now.Happening in Mandalay,MYANMAR.She had been protest peacefully and unarmed.Another daed rates are keep raising.",lwof70,https://www.reddit.com/gallery/lwof70,1743,120,1614757874.0,myanmar,1.0,Emmara9,5324,926.9298148148148,
How you can help people of Myanmar in their fight for freedom if you are in another country?,m85p3l,https://www.reddit.com/r/myanmar/comments/m85p3l/how_you_can_help_people_of_myanmar_in_their_fight/,1634,193,1616116079.0,myanmar,1.0,brocolliNcheese,17452,2554.0533333333333,"# What has happened and why?
On February 1 2021, the military in Myanmar, led by commander-in-chief Min Aung Hlaing, staged a coup and successfully overthrown the democratically elected government. As a country that was under harsh military dictatorship for five decades from 1962 to 2011, the brutality and numerous crimes committed by the military including genocides and war crimes are apparent in its history. The infamous coup leader, Min Aung Hlaing, is well known for multitude of crimes from systemic discrimination and human rights violations against minority groups to ethnic cleansing against the Rohingya people for which he has received international condemnation and sanctions.

After the coup and the detainment of several officials that were democratically elected by civilians, citizens of Myanmar began peaceful protests through out the country and participated in Civil Disobedience Movement (CDM). However, the armed forces have ruthlessly treated peaceful protestors and CDM participants with live ammunitions, arsons, abductions and unthinkable torture methods that eventually lead to tragic deaths. As depressing as it is, it is worth giving some examples of the abomination carried out by the inhumane armed forces:

* a pregnant woman was shot point-blank in the head for helping peaceful protestors hide in her house
* a medical student was killed for trying to save injured people on a city street
* [an activist was abducted and tortured to death by pouring acid or extremely hot-liquid into his mouth and possible disembowelment](https://www.theguardian.com/world/2021/mar/15/the-death-of-zaw-myat-lynn-allegations-torture-used-on-opposition-activist-in-myanmar)
* [grave of a 19-year old protestor who was shot dead was secretely dugged up by the police causing more outrage and raising concens of a cover up](https://edition.cnn.com/2021/03/12/asia/myanmar-protester-angel-democracy-martyr-intl-hnk/index.html)

Over 200 people have been killed at the time of writing this and thousands of civilians have been illegally detained. The fallen heroes who had given their lives fighting for freedom are but not limited to politicians, doctors, monks, pregnant women and children.

The atrocities of the military keep increasing day by day and these crimes of utmost savagery have to stop. Despite these circumstances, Myanmar people continue to stand for their rights and freedom. The sacrifice of the fallen heroes must not go in vain.

# How you can help and be part of this revolution:
* Civil servants and civilians have participated in strike sacrificing their jobs and incomes. Furthermore, due to the numerous arson attacks, vandalisms and other violent acts, some people have lost their houses or have to abandon to move to safer places. Please visit [Mutual Aid Myanmar](http://mutualaidmyanmar.org/) to help people of Myanmar by directly supporting the basic economic needs. You can also support by donating to the [fundraising by CRPH](https://charity.gofundme.com/o/en/campaign/crph), the parallel democratic government that is trying to overcome the military junta.
* If you are very keen on helping in this fight, you can organize peaceful protests where you live. Please check with your local authorities first before organizing one.
* It is also helpful to reach out to your representative or congressperson through letters, emails or phone calls to inform about your stance on the state of Myanmar and  your approval for sending any kind of help, be it a military aid, targeted sanctions or any other viable methods of support.
* You can also help by just raising awareness of the current situation in Myanmar. So, please spread the news to your friends, family and neighbours. Share it on social media platforms and make sure you include the following hashtags too:

    - \#WhatsHappeningInMyanmar
    - \#HearTheVoiceOfMyanmar
    - \#RespectOurVotes
    - \#SaveMyanmar
    - \#CDM
    - \#CrimesAgainstHumanity
    - \#MilkTeaAlliance


# Thank you!
You have already helped the people of Myanmar by just reading this post alone and having interest in Myanmar's situation. Remember that you are helping all the citizens of Myanmar and you are already part of this revolution fighting for freedom and justice. This is a fight towards a brighter future where everyone will have equal rights and opportunities regardless of religion, ethnicity or race.

If you have any other ideas or know any other ways of helping, please comment below."
Pls upvote and spread this,la59ah,https://www.reddit.com/r/myanmar/comments/la59ah/pls_upvote_and_spread_this/,1478,92,1612192336.0,myanmar,1.0,sai-min-thein-kyaw,1262,1300.560486111111,"If you do not hear anything from us in the next few hours or few days, please know that the military has cut off the internet connectivity and taken our freedom of speech away as well.   We as a citizen of Myanmar do not agree with the current move and would like to request the world leaders, UN and the global media to give a hand to our country- our leaders- our people - from this bitter acts.  We want democracy and want our country being track on the democracy route!  #saynotomyanmarmilitarycoup #justiceformyanmar #saveMyanmar üá≤üá≤"
RIP to the souls sacrificed during protests üíî you will be missed forever,ly3lcl,https://www.reddit.com/gallery/ly3lcl,1397,83,1614917198.0,myanmar,1.0,heartbeyondctrl,14112,1968.3797800925927,
Explanation of what happened in Myanmar üá≤üá≤,lap93j,https://i.redd.it/x2o39klwb0f61.jpg,1322,152,1612246779.0,myanmar,1.0,sai-min-thein-kyaw,1262,1300.560486111111,
Am I right Myanmar bois üôÇ,mj2mcn,https://i.redd.it/zn4o5f09fwq61.jpg,1254,94,1617429652.0,myanmar,0.97,yimunn,1126,926.6277893518519,
Myanmar anti-coup protestors practising shield formations.,lz10do,https://v.redd.it/3ei8dj3hnel61,1207,151,1615035254.0,myanmar,1.0,flabbajacks,5718,2056.283703703704,
Police piss on the spot where public places flowers and memorial for young man died earlier. Lowest point of their life.,lwdpr1,https://www.reddit.com/gallery/lwdpr1,1198,96,1614722486.0,myanmar,1.0,zarganar,6211,1990.8527662037036,
Video proof that Myanmar Military use RPG bombs in South Dagon.We are now on the one-sided slaughter ground.Please Help US.Save Myanmar!!!,mfnr2h,https://v.redd.it/399o8jofgyp61,1198,234,1617018441.0,myanmar,0.99,Norachel12,4288,921.0143055555556,
So True!,n5wirs,https://i.redd.it/v7oeyywypex61.jpg,1153,143,1620266274.0,myanmar,0.98,stephen_hoarding,2203,1690.987650462963,
Rather die fighting than kneeling under terrorists,m8ikxa,https://i.redd.it/fy0vi1baxzn61.jpg,1116,73,1616164495.0,myanmar,1.0,HELPmilitaryWatching,2186,929.0422222222222,
"A member of a civilian defense team saying goodbye to his little sister before going to the frontline. Many youths like him are going out everyday to fight for democracy, knowing full well they could be shot dead.",mgbyxr,https://www.reddit.com/gallery/mgbyxr,1098,88,1617096222.0,myanmar,1.0,Levi_Ackerman2512,3401,926.9449189814815,
Don't Support Dictatorship!,m9t3ls,https://i.redd.it/fjqephzioco61.jpg,1038,55,1616318940.0,myanmar,0.99,Ycho1992,4627,926.5166435185185,
"A little reminder that we are all in this, till the end",m7uruh,https://v.redd.it/m975483adtn61,1033,47,1616085212.0,myanmar,1.0,HELPmilitaryWatching,2186,929.0422222222222,
A Loyal dog,mp5br6,https://i.redd.it/d7logmq9pns61.jpg,974,54,1618195757.0,myanmar,0.98,Monster907,10454,1195.6469907407406,
Recent Fallen hero‚Äôs. Mostly students from University.,m5mim9,https://i.redd.it/9n222dbyh7n61.jpg,877,52,1615820344.0,myanmar,0.99,zarganar,6211,1990.8527662037036,
"The brave young man who was shot in Sein Pann, Mandalay was smiling with joy while recieving medical treatment. The bullets may hurt our bodies, but they will never break our souls, and our fists will never stop clenching.‚úäüá≤üá≤",mhu4hy,https://i.redd.it/6ebf7fok1kq61.jpg,845,42,1617279770.0,myanmar,0.99,Levi_Ackerman2512,3401,926.9449189814815,
"They fucking executed him!! This is what is happening in Myanmar. The military police is playing judge, jury, and executioner!!!",lwv8qi,https://v.redd.it/5lfssle5qtk61,815,241,1614781969.0,myanmar,0.99,tetrashade,1184,3214.583611111111,
Tell em,mmqo2m,https://i.redd.it/mqb6uv0p0yr61.jpg,789,60,1617884820.0,myanmar,1.0,Kyi_ophelia862,16869,926.9646643518519,
"One of the medical students has been killed by the Myanmar military, the terrorists. We hate the dictatorship.",m6ctnz,https://www.reddit.com/gallery/m6ctnz,765,57,1615911664.0,myanmar,1.0,Emmara9,5324,926.9298148148148,
March 22: A 13 year-old boy got shot dead in Mandalay.,majyqv,https://i.redd.it/hv693ddl0ko61.jpg,752,63,1616407746.0,myanmar,0.99,Sophiefair,1514,886.5111226851852,
In Myanmar children are orphaned because of military dicitatorship. They lost their father or mother. And parents are heart broken by the loss of their children. Please hear to our cries. Please save our lives under the military dictatorship. Do not let more lives be lost. Can you feel it guys?,lycsdn,https://www.reddit.com/gallery/lycsdn,740,56,1614953973.0,myanmar,1.0,May_Yatanar,562,926.9784490740741,
Also russian blyat too,mm3nvf,https://i.redd.it/toynjkd7krr61.jpg,717,82,1617806632.0,myanmar,0.99,Soe-Thiha,2964,1246.3230324074075,
The interruption of CHINA in UN for Myanmar DEMOCRACY way!Very meaningful photos under horrible coup!,mjvsu6,https://www.reddit.com/gallery/mjvsu6,687,75,1617541208.0,myanmar,0.96,whathappeninmyanmar,3628,920.1637152777778,
Human atrocity at the historic level. Why can‚Äôt we do anything???? This is so infuriating.!! #WhatIsHappeningInMyanmar,mnweop,https://i.redd.it/bb6yudtvd9s61.jpg,674,59,1618022429.0,myanmar,0.99,Truth_B_Told_27,2201,900.8346180555556,
"""Thanks for Watching Us"" by Myanmar Artist",mwak31,https://i.redd.it/yypmnsvsjru61.jpg,644,66,1619114096.0,myanmar,0.99,thecoldwinds,20093,2135.302199074074,
Message delivered from the terrorists today in neighborhoods,m6y58o,https://v.redd.it/kvjl1shxnkn61,641,68,1615979871.0,myanmar,0.99,HELPmilitaryWatching,2186,929.0422222222222,
"Elon Musk said he will provide help via Starlink if allowed by U.S. government, according to twitter post. Link in the comments.",mkliki,https://i.redd.it/9lz2ui4n3dr61.jpg,636,78,1617631647.0,myanmar,0.97,di-overvieweffect,4933,926.8932638888889,
The soldiers torturing a man without any reason. I'm speechless.,me6wd3,https://v.redd.it/y4ccv1iz2ip61,577,52,1616820383.0,myanmar,0.99,Kyi_ophelia862,16869,926.9646643518519,
Peaceful youth protest was put down by the army vehicle intentionally run over from behind.,r9890v,https://v.redd.it/4sihilqoqn381,548,98,1638681096.0,myanmar,0.99,tharju,7770,4831.777615740741,
"This picture proves that ""Ain‚Äôt no Revolution successful without women.‚Äù A brave woman held three fingers salute when sweat box passing her. GenZ ain't afraid of nothing !!!!",n0f7dj,https://i.redd.it/e5itb5vi5xv61.jpg,549,57,1619617729.0,myanmar,0.98,Norachel12,4288,921.0143055555556,
"Military shooterkills a protestor with a headshot in Myaing Tsp , Magway Region in Myanmar.",m2jvbg,https://i.redd.it/1yqoopechcm61.jpg,523,57,1615444861.0,myanmar,1.0,Sabatar446,205104,1735.7114583333334,
"Warning graphic At least 11 civilians have been tied and burned alive by the military today in Salingyi township,Sagaing region,Myanmar.Locals said that they heard the groaning and asking help from that place but they couldn't help.",rawe8l,https://i.redd.it/fvs2o8msn3481.jpg,513,76,1638873835.0,myanmar,1.0,Kyi_ophelia862,16869,926.9646643518519,
"Han Zaw Htun (Lieutenant general of infantry division 77th) commanded and killed the protesters in Yangon. Today, his own father was killed by the other Myanmar soldiers. Sometimes, Karma doesn't wait.",m0doec,https://www.reddit.com/gallery/m0doec,499,80,1615202539.0,myanmar,0.98,everestster,9677,3211.498541666667,
"They are opening fire at Bagan,a place in the list of UNESCO world heritage sites",lzitsc,https://i.redd.it/irukh2287jl61.jpg,492,40,1615090328.0,myanmar,0.99,Separate_Phrase_3116,8755,926.9490509259259,
"Barbaric soldiers serving the Burmese junta are committing inhumane acts of the sexual harassment and rape in their quest to occupy Mindat, a town resided primarily by Chin ethnics.",ndqmhm,https://i.redd.it/gt814m3r2iz61.jpg,452,41,1621178586.0,myanmar,1.0,Levi_Ackerman2512,3401,926.9449189814815,
Now I am coming to ASEAN regarding your request.,mxfad9,https://i.redd.it/7sa3ij30u2v61.jpg,436,57,1619250648.0,myanmar,1.0,Electrical_State4754,1289,926.8853819444445,
"Yes , New Myanmar",mhm0pr,https://i.redd.it/8f27uiyv7hq61.jpg,427,51,1617245572.0,myanmar,1.0,Monster907,10454,1195.6469907407406,
Oh my god! In the USA we hear nothing about what is going on in your country!,mekln0,https://www.reddit.com/r/myanmar/comments/mekln0/oh_my_god_in_the_usa_we_hear_nothing_about_what/,412,98,1616872857.0,myanmar,0.98,Trumpthulhu-Fhtagn,13801,2769.9523148148146,"I came here to ask a simple and innocent questions about your culture, and instead I am greeted with a nightmare horror-show of people being shot and beaten in the streets and bombings! 

I checked and our our major news outlets (FOX, CNN, etc,) maybe report on these terrible things once every two weeks, at the most.

I'm so sorry to see what a costly and terrible fight you are going through. I won't pretend to understand the politics, but I am pained to see the inhumanity. 

I hope your country heals soon."
Real gunfires in myit-kyi-narr Myanmar 14.2.2021,ljqs7e,https://v.redd.it/qofeyqngsgh61,401,72,1613317781.0,myanmar,1.0,Emmara9,5324,926.9298148148148,
#SAVEMYANMAR,lesxvv,https://v.redd.it/x39wln1ks3g61,400,41,1612724568.0,myanmar,0.99,Archer_5,407,1120.034212962963,
Day 2 Thousands of Myanmar people taking over the streets protesting against the Military coup credits to the CNA,leh3ym,https://www.reddit.com/gallery/leh3ym,402,58,1612679296.0,myanmar,1.0,thisis_indigo,1001,927.8861111111111,
"Anti-Coup Protesters Burn a Chinese Flag in Yangon, Myanmar",mkn0gk,https://i.redd.it/6htuhg2qfdr61.jpg,369,46,1617635682.0,myanmar,0.93,thecoldwinds,20093,2135.302199074074,
From this American‚Äôs POV,t1y3a0,https://i.redd.it/gi31rz7qr6k81.jpg,365,50,1645885039.0,myanmar,0.96,Itsivanthebearable,2234,2000.982951388889,
FREE AUNG SAN SUU KYI,nr44ch,https://i.redd.it/qkctplsu2z271.jpg,344,53,1622691983.0,myanmar,0.98,Bgonderman1013,415,2640.058113425926,
Shame on you Russia.,mdrrjf,https://i.redd.it/scma2rccaep61.jpg,335,55,1616774230.0,myanmar,0.99,Ycho1992,4627,926.5166435185185,
9 YEARS. 9 FUCKING YEARS.,la001t,https://www.reddit.com/r/myanmar/comments/la001t/9_years_9_fucking_years/,324,104,1612174493.0,myanmar,0.98,itshimgrim,1273,1327.063287037037,"ALL GONE. YEARS OF PROGRESS. THERE WERE ISSUES AGAIN AND AGAIN, BUT AT LEAST WE WERE MOVING FORWARD. Y'ALL SEE MYANMAR PLAZA? BEFORE THAT IT WAS ALL COLONIAL PLAZAS. WE HAVE 5 STAR AND LUXURY HOTELS.

FUCK FUCK FUCK FUCK FUCK.   


What do we do now? What's going to happen? Is 8888 going to happen again? I was not alive for the uprising, but the effects of it still exist today.

What's the UN going to do? Write a letter with a 'pwease'? Shit wtf is the US going to do? We don't have enough oil. Are they going to commit war crimes here too? Who gives a shit if there is 'pressure from the foreign powers', it's never done anything before.

Holy shit, this is something that you hear about in movies with military generals calling martial law. I can't believe this is real. We're fucked."
"BBC reports that about 25% of PDF are females‚Ä¶.consist of doctors, nurses, students, small business owners, and other employees. Big respect to all the ladies with courage.",rx4ht8,https://www.reddit.com/gallery/rx4ht8,321,58,1641440376.0,myanmar,0.99,zarganar,6211,1990.8527662037036,
Infront of Chinese embassy in yangon,louh64,https://i.redd.it/h9kf59en6ti61.jpg,321,83,1613903656.0,myanmar,0.95,Dry-Adhesiveness7791,400,933.4112847222223,
The beginning.,r0ffx5,https://v.redd.it/d7raxi0rvb181,316,56,1637680584.0,myanmar,0.99,arkido,7686,3896.9378703703705,
"Today at Yangon, Myanmar. Video :crd",otycft,https://v.redd.it/zz2mswlbu5e71,316,40,1627568244.0,myanmar,0.99,yanario1,1730,785.412488425926,
Things got forgotten . Credit to Taiwan Freedom Facebook Page.,tlezmp,https://i.redd.it/90giywvp77p81.jpg,310,43,1648069659.0,myanmar,0.98,arron_atburmese,1340,1048.7870949074074,
"Urban warfare video in Sanchaung, Yangon. Reported 1 police killed and 1 injured.",qejj13,https://v.redd.it/2vnuwfzlcbv71,298,140,1635044291.0,myanmar,0.98,Immasimpforrose,620,809.6814467592593,
"@UN should not exist in the world or change name as United Nation of Russia & China unless it can overcome the unjust influence of Russia & China. I don't understand,why they have veto to control UN.They're not using Democracy for themselves. So,they'll not definitely understand what is Democracy.",mom14u,https://i.redd.it/l68da61lqhs61.jpg,290,44,1618123557.0,myanmar,0.95,Norachel12,4288,921.0143055555556,
I need everyone to publicly shame this a**hole. Makes my bloodboil!!! (Source: Instagram @ootdmyanmar),lznkve,https://www.reddit.com/gallery/lznkve,283,44,1615110786.0,myanmar,0.99,kwje123,2023,1663.1405555555555,
The Military Coup use real gun.Her condition is in dangerous now.,lfxbl1,https://www.reddit.com/gallery/lfxbl1,280,60,1612855847.0,myanmar,0.99,New_Committee7228,255,924.5358564814815,
LOL. Saw this on Twitter,lxgnpb,https://i.redd.it/gb0g4xjabzk61.jpg,282,47,1614849573.0,myanmar,0.95,IyrMM,1428,916.437962962963,
first update in hours. It is in Sule.,ldxi6l,https://www.reddit.com/gallery/ldxi6l,276,57,1612617514.0,myanmar,0.98,thisis_indigo,1001,927.8861111111111,
"Bravery of our president U Win Myint. He has refused to sign a resignation letter with which will allow the military to be officially be in charge. He said ""Kill me if you want, I will not sign"". (Art credit to my friend with her signature in the photo)",ld1wq4,https://i.redd.it/oubga4go0mf61.jpg,268,54,1612509354.0,myanmar,1.0,flabbajacks,5718,2056.283703703704,
Making memes every day to oppose the illegitimate junta- Day 67,nyscx0,https://i.imgur.com/26lilBJ.jpg,263,47,1623574920.0,myanmar,1.0,Citizen_Concentrated,15014,862.2946643518519,
"Breaking News: Karenni State In Fruso, the military has targeted children and refugees. Thirty-five people, including women, were burnt alive. I‚Äôm lost for words.",ro0t35,https://www.reddit.com/gallery/ro0t35,264,40,1640400603.0,myanmar,0.99,Temporary_Feed7654,229,743.0441203703704,
Get your information right and don't be an ignorant,lbebt3,https://i.redd.it/7ne3o6v2l6f61.jpg,258,86,1612322555.0,myanmar,0.99,Humblez_mind,4205,929.5555324074074,
USD 2 Million worth contract signed between General Mya Tun Oo representing Myanmar military and Ari Ben-Menashe‚Äôs Canadian firm Dickens & Madson to work as a lobbyist to international communities for Myanmar junta. Source : https://efile.fara.gov/docs/6200-Exhibit-AB-20210308-17.pdf?fbclid=IwAR3a7,m1nzy7,https://www.reddit.com/gallery/m1nzy7,245,44,1615346169.0,myanmar,1.0,thuta__ag,439,926.9732407407407,
Myanmar leader Aung San Suu Kyi detained,l9p32o,http://www.abc.net.au/news/2021-02-01/myanmar-leader-aung-san-suu-kyi-detained-ruling-party-says/13108204,242,115,1612135881.0,myanmar,0.99,picorloca,5373,2964.566724537037,
"Junta crimes:Today at Mandalay,a nurse and her husband were shot dead by junta soldiers.Their relatives tell that the nurse was pregnant.May their souls rest in peace.",reha4v,https://www.reddit.com/gallery/reha4v,235,45,1639284305.0,myanmar,1.0,Nervous-Burma-2004,2371,730.2627083333333,
"Footage from Myanmar, self defense forces attack a police station. 11 cops are reported to have been killed and prisoners have been taken.",124fg6u,https://v.redd.it/f3zb23xlafqa1,231,49,1679984428.0,myanmar,0.99,FreeOcalan78,165858,247.97369212962963,
there world peace,rdmeck,https://i.redd.it/q5zifxmo0t481.png,225,80,1639180837.0,myanmar,0.91,ChockyChipz075,824,820.3755092592593,
"They raid at night, breaking cars and people properties. They swear continuously while commanding 'Do you dare to come out!' or 'Come outside, if you dare to die' to unarmed citizens while these terrorists are protected with shield, full weapons and guns. Mar 8, 21 Sanchaung, Min Street, Yangon",m0lzjz,https://v.redd.it/c8o7s0inhul61,226,46,1615227244.0,myanmar,0.99,sweetodette,188,940.8106597222222,
Wojak Political Compass of the Myanmar Civil War of 2021,qx9918,https://i.redd.it/00hl8d0bnh081.png,224,41,1637299924.0,myanmar,0.95,EmeraldRange,7466,3330.4299074074074,
that's literally happening,q96eqw,https://i.redd.it/jyd3w1x4art71.jpg,219,94,1634365501.0,myanmar,0.98,Pale_BDSM_Sleep_5242,299,932.3282291666667,
"The murderer who drove the truck and ram into back of peaceful protest. Lead to 5 dead, 8 wounded, 10 arrests today üò°",r9hkxp,https://www.reddit.com/gallery/r9hkxp,214,56,1638716772.0,myanmar,0.98,zarganar,6211,1990.8527662037036,
Well at least we have a advantage over the military who still use iron sight.,qtl3vr,https://www.reddit.com/gallery/qtl3vr,208,41,1636876825.0,myanmar,0.98,thekingminn,150699,1335.5761458333334,
Please sign petition for US Gov to allow #Starlink satellite over #Myanmar to provide mobile internet,ml089e,https://www.change.org/p/tesla-us-government-allow-starlink-satellite-over-myanmar-support-human-rights-answermyanmar?utm_content=cl_sharecopy_28211596_en-GB%3A8&recruiter=8144767&recruited_by_id=fe61ba7e-76af-40fc-819c-507aaf33b7ee&utm_source=share_petition&utm_medium=copylink&utm_campaign=psf_combo_share_abi&utm_term,207,63,1617672504.0,myanmar,0.96,Droiddiddy,2492,3281.5500925925926,
"And their special envoy still hasn't appeared, Making memes day-99",olcink,https://i.imgur.com/8fBnixo.jpg,197,44,1626423307.0,myanmar,0.99,Citizen_Concentrated,15014,862.2946643518519,
"Sanchaung, Yangon was like a warzone last night. Stun grenades going off everywhere.",m0wt9v,https://v.redd.it/jw55imqf0xl61,188,100,1615257599.0,myanmar,0.99,tetrashade,1184,3214.583611111111,
This Myanmar representative in UNHRC meeting is lying. He follows the order exactly from military dictator MAH. He doesn‚Äôt represent Myanmar People.,li8lek,https://i.redd.it/vxar5ptlz0h61.jpg,190,50,1613126452.0,myanmar,0.99,Emmara9,5324,926.9298148148148,
UN and most countries can't even bother to help us with the basic righteous request - i.e. to recognize the true NUG Myanmar Government and make the level playing field. We will fight on our own (just like the Ukrainians). But at least give us a fighting chance!,wyg3hz,https://i.redd.it/4r5kkblam3k91.jpg,178,50,1661537421.0,myanmar,0.91,arkido,7686,3896.9378703703705,
Three Burmese girls playing cards,ubj6z9,https://i.redd.it/lnovla88xnv81.jpg,174,45,1650887046.0,myanmar,0.97,xTCHx,300309,2114.808622685185,
Should have made this earlier,ryvefo,https://i.redd.it/xubdfx0cffa81.jpg,172,56,1641631356.0,myanmar,0.99,AmDed101,2757,1825.0223958333333,
"Guys,it's the truth. They're raping girls. Some weren't even eighteen years old yet.One of them was a middle school student. üò≠üò≠üò≠",nd6b19,https://www.facebook.com/100011441630846/posts/1574578082933564/,172,74,1621106235.0,myanmar,0.99,ShweThazinLwin,3012,879.2199652777778,
Did you know? r/SaveMyanmar r/myanmar,lkwilj,https://www.reddit.com/gallery/lkwilj,165,41,1613452186.0,myanmar,0.99,tun_u,2240,926.9444560185185,
"We did that ! If you think we hate CHINA for no reason,you will be next one like us! #whatshappeinginmyanmar",mkie5r,https://www.reddit.com/gallery/mkie5r,166,79,1617621897.0,myanmar,0.91,whathappeninmyanmar,3628,920.1637152777778,
Breaking! D Day is declared by NUG against the fascist Tatmadaw junta,pje1an,https://twitter.com/Down_W_Tatmadaw/status/1435057258916990986?s=20,161,56,1630981839.0,myanmar,0.99,Droiddiddy,2492,3281.5500925925926,
"Anti Coup protest at KyiMyinDine Yangon was brutally crackdown by SAC. They open gun fire and rammed vehicle into the crowd, killing 4 unarmed protesters and many injured also abducted 7 protesters.",r98iwg,https://v.redd.it/hffh673ktn381,158,49,1638682071.0,myanmar,0.99,Kyi_ophelia862,16869,926.9646643518519,
Interfaith protests against militant dictatorship,lgmxud,https://i.imgur.com/NNXTxCY.jpg,159,44,1612935376.0,myanmar,0.99,zninjamonkey,17861,3123.174849537037,
Create Deep Fake videos of Junta leadership to create confusion and desertions among Myanmar Army soldiers and their supporters,m6phyq,https://www.reddit.com/r/myanmar/comments/m6phyq/create_deep_fake_videos_of_junta_leadership_to/,156,40,1615946691.0,myanmar,0.98,Droiddiddy,2492,3281.5500925925926,"I keep coming up with crazy ideas!  We, Burmese Myanmar people, are at war with the JUNTA so I will do what I must from the US while my countrymen are being killed!  

So, the Junta leadership, Tatmadaw (Myanmar military), and their mouthpiece news outlets lost all of their verified FB accounts and pages.  They cannot issue official statements or live stream their propaganda through FB. Facebook is the defacto form of communication in Myanmar.  It is our internet.  40% of Myanmar population has a fb account in 2020.  

What if DEEP Fake videos of Junta chairman Min Aung Hlaing or vice chair Soe Win or Junta SPOX Zaw Min Tun are made telling their soldiers to stand down or defect and join CDM?  Or make a deep fake a video of MRTV or MWD TV news announcer pointing out the Junta's atrocities and urge soldiers to desert?  Even make one of the previous JUNTA chief Gen Than Shwe (Min Aung Hlaing's old boss who is very old, alive and healthy) denouncing the coup?  Share these videos on facebook and tatmadaw supporters fb groups (some of which I shared on another thread for you all to report).  

This will cause massive confusion since DEEP FAKE is a new phenomenon.  JUNTA has no way to counter it on facebook w/o their bluecheck accts.  They have to rely on analogue radio and TV and paper newspaper to announce that these are fake videos.  But facebook has ability to view these videos on demand.   these videos will spread like wildfire on Burmese facebook.  

Gotta keep fighting!  #Fightback!  

·Ä°·Äõ·Ä±·Ä∏·Äê·Ä±·Ä¨·Ä∫·Äï·ÄØ·Ä∂·Ä°·Ä±·Ä¨·ÄÑ·Ä∫·Äõ·Äô·Ää·Ä∫ (Our revolution must succeed!)"
thank you for standing with us together,le2bnz,https://i.redd.it/ls2gy6jt7wf61.jpg,156,46,1612632825.0,myanmar,0.96,thisis_indigo,1001,927.8861111111111,
"Myanmar military airstrike in Demoso, Karenni state.",t9bs6n,https://v.redd.it/3pv1dnk584m81,154,50,1646725945.0,myanmar,1.0,notice_me_mina,22277,1225.0295949074075,
I told u the Russians were coming,qm2kn0,https://www.reddit.com/gallery/qm2kn0,151,90,1635968885.0,myanmar,0.98,Yucix,1316,1008.1436226851852,
Myanmar military injected some drugs to innocent kids and paid them money to start fire in Mandalay city (in the center of Myanmar). Watch in this video with English subtitle. #HumanRightsViolations #CrimesAgainstHumanity #SaveMyammar #RejectMilitaryCoup #WhatsHappeningInMyanmar,lj12nm,https://v.redd.it/dwb7tu2e49h61,148,41,1613224937.0,myanmar,0.99,NayAungLwin,116,925.1399421296296,
How many dead bodies need UN to take action?,lua2j4,https://i.redd.it/riectvyg86k61.jpg,142,41,1614497506.0,myanmar,0.99,Nana_1991,3206,939.2514004629629,
What are the purposes of UN? Is it still internal affairs while total death over 550 of Myanmar Civilians?,mjc3hb,https://i.redd.it/0sptk85hlzq61.jpg,134,115,1617468067.0,myanmar,0.94,Emmara9,5324,926.9298148148148,
"It's not a very difficult choice, Making memes day-187",q778ng,https://i.imgur.com/LIcj32U.jpg,128,80,1634116213.0,myanmar,0.98,Citizen_Concentrated,15014,862.2946643518519,
Statement by White House on Myanmar,l9si8i,https://i.redd.it/dqp3me1j1se61.jpg,130,86,1612146437.0,myanmar,0.99,caramelindulgence,118,1578.000625,
STAY AWAY FROM THIS CHANNEL (PLZ READ),rm9ouo,https://i.redd.it/ohtje9wyj4781.png,125,52,1640192917.0,myanmar,0.97,AungAlvin,225737,1567.5305902777777,
"On Deember 10th,everyone who doesn't support junta( aka almost the whole country) will be doing silent strike campaign and Junta is trying to stop the campaign by threatening shop owners,taking driver licenses from car drivers and calling many people to outside their houses.",rcijt6,https://www.reddit.com/gallery/rcijt6,122,66,1639059321.0,myanmar,0.98,Nervous-Burma-2004,2371,730.2627083333333,
"Myanmar's army chief says he seized power because Aung San Suu Kyi's government introduced sex education, tried to tackle Buddhist extremist nationalist groups that advocated genocide, and traditional dance became mixed with popular culture to a ""dangerous level""",sileuz,https://i.redd.it/3bics8e6def81.jpg,112,48,1643797763.0,myanmar,1.0,notice_me_mina,22277,1225.0295949074075,
